<?xml version="1.0" encoding="UTF-8"?>
<project-private xmlns="http://www.netbeans.org/ns/project-private/1">
    <editor-bookmarks xmlns="http://www.netbeans.org/ns/editor-bookmarks/2" lastBookmarkId="0"/>
    <open-files xmlns="http://www.netbeans.org/ns/projectui-open-files/2">
        <group>
            <file>file:/C:/xampp/htdocs/fdf26a_web3/application/controllers/Cities.php</file>
            <file>file:/C:/xampp/htdocs/fdf26a_web3/application/libraries/Ion_auth.php</file>
            <file>file:/C:/xampp/htdocs/fdf26a_web3/application/controllers/File_upload.php</file>
            <file>file:/C:/xampp/htdocs/fdf26a_web3/application/views/cities/list.php</file>
            <file>file:/C:/xampp/htdocs/fdf26a_web3/application/views/cities/upload.html</file>
            <file>file:/C:/xampp/htdocs/fdf26a_web3/application/config/database.php</file>
            <file>file:/C:/xampp/htdocs/fdf26a_web3/application/models/index.html</file>
            <file>file:/C:/xampp/htdocs/fdf26a_web3/application/views/cities/edit.php</file>
            <file>file:/C:/xampp/htdocs/fdf26a_web3/application/controllers/index.html</file>
            <file>file:/C:/xampp/htdocs/fdf26a_web3/application/controllers/Auth.php</file>
            <file>file:/C:/xampp/htdocs/fdf26a_web3/application/models/Cities_model.php</file>
            <file>file:/C:/xampp/htdocs/fdf26a_web3/application/views/cities/upload.php</file>
        </group>
    </open-files>
</project-private>
